,pH,Temprature,Colour,Taste,Odor,Fat ,Turbidity,Encoded_Grade
0,0.5538461538461538,0.017857142857142905,0.9333333333333336,1,0,1,0,0
1,0.5538461538461538,0.0357142857142857,0.8666666666666671,0,1,0,1,0
2,0.8461538461538461,0.6428571428571429,0.3999999999999986,1,1,1,1,1
3,1.0,0.0,1.0,1,1,0,1,1
4,0.5538461538461538,0.0535714285714286,1.0,0,0,0,0,2
5,0.5538461538461538,0.0535714285714286,1.0,1,1,1,1,0
6,0.3846153846153847,0.1964285714285714,0.6666666666666679,1,0,1,1,1
7,0.23076923076923073,0.4642857142857143,0.6666666666666679,0,1,1,1,1
8,0.7846153846153846,0.5714285714285715,1.0,1,0,1,1,1
9,0.5692307692307693,0.1964285714285714,0.466666666666665,1,1,0,0,2
10,0.5692307692307693,0.1964285714285714,0.33333333333333215,1,1,1,0,2
11,0.4,0.2857142857142857,1.0,0,1,1,1,1
12,0.8615384615384615,0.375,1.0,0,1,1,1,1
13,0.6769230769230771,0.9999999999999999,1.0,1,0,1,1,1
14,0.5846153846153846,0.1964285714285714,1.0,0,1,1,1,0
15,0.5384615384615384,0.0714285714285714,1.0,1,0,0,0,2
16,0.2615384615384616,0.0714285714285714,1.0,1,0,1,0,1
17,0.0,0.1071428571428571,1.0,1,1,1,1,1
18,0.923076923076923,0.1607142857142857,0.6666666666666679,1,0,1,1,1
19,0.5846153846153846,0.1071428571428571,0.33333333333333215,1,0,1,0,2
20,0.5538461538461538,0.1964285714285714,0.6666666666666679,0,1,1,1,0
21,0.5384615384615384,0.0357142857142857,1.0,0,0,1,0,2
22,0.23076923076923073,0.0714285714285714,1.0,0,1,1,1,1
23,0.5538461538461538,0.1964285714285714,0.33333333333333215,1,1,1,1,0
24,0.5846153846153846,0.017857142857142905,0.3999999999999986,1,0,1,0,2
25,0.5384615384615384,0.0357142857142857,0.8666666666666671,0,1,1,0,0
26,0.8461538461538461,0.6428571428571429,0.3999999999999986,0,0,0,0,1
27,0.5538461538461538,0.0,0.0,0,0,0,1,2
28,0.5384615384615384,0.0535714285714286,0.33333333333333215,0,0,0,0,2
29,0.5538461538461538,0.0535714285714286,1.0,1,0,1,0,0
30,0.5230769230769231,0.1964285714285714,0.0,0,1,0,0,2
31,0.5384615384615384,0.1071428571428571,0.6666666666666679,0,1,0,1,1
32,0.5846153846153846,0.1428571428571429,1.0,1,1,1,1,0
33,0.5692307692307693,0.125,0.466666666666665,1,0,0,0,2
34,0.5692307692307693,0.2857142857142857,0.33333333333333215,1,1,1,0,1
35,0.5846153846153846,0.1964285714285714,1.0,0,1,1,1,0
36,0.8615384615384615,0.375,1.0,0,1,0,0,1
37,0.6769230769230771,0.5535714285714285,1.0,0,0,0,0,1
38,0.5846153846153846,0.125,1.0,0,0,0,0,2
39,0.5384615384615384,0.0714285714285714,1.0,1,1,1,1,0
40,0.5846153846153846,0.0714285714285714,1.0,0,0,0,0,2
41,0.0,0.1071428571428571,1.0,1,0,0,0,1
42,0.923076923076923,0.1607142857142857,0.5333333333333314,1,1,1,1,1
43,0.5846153846153846,0.1071428571428571,1.0,1,1,1,1,0
44,0.5538461538461538,0.1964285714285714,0.6666666666666679,0,0,0,1,2
45,0.5384615384615384,0.0357142857142857,0.466666666666665,0,0,0,0,2
46,0.5538461538461538,0.0714285714285714,1.0,0,0,0,0,2
47,0.5846153846153846,0.1964285714285714,0.33333333333333215,1,1,1,0,0
48,1.0,0.0,1.0,1,1,0,1,1
49,0.5384615384615384,0.0535714285714286,1.0,0,0,0,0,2
50,0.5538461538461538,0.0535714285714286,1.0,1,1,1,1,0
51,0.3846153846153847,0.1964285714285714,0.6666666666666679,1,0,1,1,1
52,0.23076923076923073,0.4642857142857143,0.6666666666666679,0,1,1,1,1
53,0.7846153846153846,0.5714285714285715,1.0,1,0,1,1,1
54,0.5692307692307693,0.1964285714285714,0.466666666666665,1,1,0,0,2
55,0.5692307692307693,0.1964285714285714,0.33333333333333215,1,1,1,0,2
56,0.4,0.2857142857142857,1.0,0,1,1,1,1
57,0.8615384615384615,0.375,1.0,0,1,1,1,1
58,0.6769230769230771,0.9999999999999999,1.0,1,0,1,1,1
59,0.5846153846153846,0.1964285714285714,1.0,0,0,1,0,2
60,0.5384615384615384,0.0714285714285714,1.0,1,0,1,0,2
61,0.5692307692307693,0.0714285714285714,1.0,1,0,1,0,0
62,0.0,0.1071428571428571,1.0,1,1,1,1,1
63,0.923076923076923,0.1607142857142857,0.6666666666666679,1,0,1,1,1
64,0.8615384615384615,0.375,1.0,0,1,1,1,1
65,0.5846153846153846,0.1964285714285714,1.0,0,0,0,1,2
66,0.5846153846153846,0.1964285714285714,1.0,0,1,1,1,0
67,0.5384615384615384,0.0714285714285714,1.0,1,0,0,0,2
68,0.2615384615384616,0.0714285714285714,1.0,1,0,1,0,1
69,0.0,0.1071428571428571,1.0,1,1,1,1,1
70,0.923076923076923,0.1607142857142857,0.6666666666666679,1,0,1,1,1
71,0.5846153846153846,0.1071428571428571,0.33333333333333215,1,0,1,0,2
72,0.5538461538461538,0.1964285714285714,0.6666666666666679,0,1,1,1,0
73,0.5384615384615384,0.0357142857142857,1.0,0,0,1,0,2
74,0.23076923076923073,0.0714285714285714,1.0,0,1,1,1,1
75,0.5846153846153846,0.1964285714285714,0.33333333333333215,1,1,1,1,0
76,0.5384615384615384,0.017857142857142905,0.3999999999999986,1,0,1,0,2
77,0.5846153846153846,0.0357142857142857,0.8666666666666671,0,1,1,0,0
78,0.8461538461538461,0.6428571428571429,0.3999999999999986,0,0,0,0,1
79,0.5846153846153846,0.0,0.0,0,0,0,1,2
80,0.5384615384615384,0.0535714285714286,0.33333333333333215,0,0,0,0,2
81,0.5538461538461538,0.0535714285714286,1.0,1,0,1,0,0
82,0.5846153846153846,0.1964285714285714,0.0,0,1,0,0,2
83,0.6769230769230771,0.5535714285714285,1.0,0,0,0,0,1
84,0.5846153846153846,0.125,1.0,0,0,1,0,2
85,0.5384615384615384,0.0714285714285714,1.0,1,1,1,1,0
86,0.5538461538461538,0.0714285714285714,1.0,0,0,0,0,2
87,0.0,0.1071428571428571,1.0,1,0,0,0,1
88,0.923076923076923,0.1607142857142857,0.5333333333333314,1,1,1,1,1
89,0.5846153846153846,0.1071428571428571,1.0,1,1,1,1,0
90,0.5538461538461538,0.2857142857142857,0.6666666666666679,0,0,0,1,1
91,0.5384615384615384,0.0357142857142857,0.466666666666665,0,0,0,0,2
92,0.5538461538461538,0.2857142857142857,1.0,0,0,0,0,1
93,0.5846153846153846,0.1964285714285714,0.33333333333333215,1,1,1,0,0
94,1.0,0.0,1.0,1,1,0,1,1
95,0.5384615384615384,0.0535714285714286,1.0,0,0,0,0,2
96,1.0,0.0,1.0,1,1,0,1,1
97,0.5384615384615384,0.0535714285714286,1.0,0,0,0,0,2
98,0.5538461538461538,0.0535714285714286,1.0,1,1,1,1,0
99,0.3846153846153847,0.1964285714285714,0.6666666666666679,1,0,1,1,1
100,0.23076923076923073,0.4642857142857143,0.6666666666666679,0,1,1,1,1
101,0.7846153846153846,0.5714285714285715,1.0,1,0,1,1,1
102,0.5692307692307693,0.1964285714285714,0.466666666666665,1,1,0,0,2
103,0.5692307692307693,0.1964285714285714,0.33333333333333215,1,1,1,0,2
104,0.4,0.2857142857142857,1.0,0,1,1,1,1
105,0.5538461538461538,0.017857142857142905,1.0,0,1,1,1,0
106,0.6769230769230771,0.9999999999999999,1.0,1,0,1,1,1
107,0.5846153846153846,0.2857142857142857,1.0,0,0,1,0,1
108,0.5384615384615384,0.0714285714285714,1.0,1,0,1,0,2
109,0.5692307692307693,0.0714285714285714,1.0,1,0,1,0,0
110,0.0,0.1071428571428571,1.0,1,1,1,1,1
111,0.5538461538461538,0.1607142857142857,0.6666666666666679,1,0,1,1,0
112,0.8615384615384615,0.375,1.0,0,1,1,1,1
113,0.5846153846153846,0.1964285714285714,1.0,0,0,0,1,2
114,0.5846153846153846,0.1964285714285714,1.0,0,1,1,1,0
115,0.5384615384615384,0.0714285714285714,1.0,1,0,0,0,2
116,0.5538461538461538,0.0714285714285714,1.0,1,0,1,0,0
117,0.0,0.1071428571428571,1.0,1,1,1,1,1
118,0.923076923076923,0.1607142857142857,0.6666666666666679,1,0,1,1,1
119,0.5846153846153846,0.1071428571428571,0.33333333333333215,1,0,1,0,2
120,0.5538461538461538,0.1964285714285714,0.6666666666666679,0,0,0,1,2
121,0.5384615384615384,0.0357142857142857,1.0,0,0,1,0,2
122,0.5538461538461538,0.0714285714285714,1.0,0,0,1,0,2
123,0.5846153846153846,0.1964285714285714,0.33333333333333215,1,1,1,1,0
124,0.5384615384615384,0.375,0.3999999999999986,1,0,1,0,1
125,0.5846153846153846,0.0357142857142857,0.8666666666666671,0,1,1,0,0
126,0.8461538461538461,0.6428571428571429,0.3999999999999986,0,0,0,0,1
127,0.5846153846153846,0.1071428571428571,0.33333333333333215,1,0,1,0,2
128,0.5538461538461538,0.1964285714285714,0.6666666666666679,0,1,1,1,0
129,0.5384615384615384,0.0357142857142857,1.0,0,0,1,0,2
130,0.23076923076923073,0.0714285714285714,1.0,0,1,1,1,1
131,0.5846153846153846,0.1964285714285714,0.33333333333333215,1,1,1,1,0
132,0.5384615384615384,0.017857142857142905,0.3999999999999986,1,0,1,0,2
133,0.5846153846153846,0.0357142857142857,0.8666666666666671,0,1,1,0,0
134,0.8461538461538461,0.6428571428571429,0.3999999999999986,0,0,0,0,1
135,0.5846153846153846,0.0,0.0,0,0,0,1,2
136,0.5384615384615384,0.0535714285714286,0.33333333333333215,0,0,0,0,2
137,0.5538461538461538,0.0535714285714286,1.0,1,0,1,0,0
138,0.5846153846153846,0.1964285714285714,0.0,0,1,0,0,2
139,0.6769230769230771,0.5535714285714285,1.0,0,0,0,0,1
140,0.5846153846153846,0.125,1.0,0,0,1,0,2
141,0.5384615384615384,0.0714285714285714,1.0,1,1,1,1,0
142,0.5538461538461538,0.0714285714285714,1.0,0,0,0,0,2
143,0.0,0.1071428571428571,1.0,1,0,0,0,1
144,0.923076923076923,0.1607142857142857,0.5333333333333314,1,1,1,1,1
145,0.5846153846153846,0.1071428571428571,1.0,1,1,1,1,0
146,0.5538461538461538,0.2857142857142857,0.6666666666666679,0,0,0,1,1
147,0.5384615384615384,0.0357142857142857,0.466666666666665,0,0,0,0,2
148,0.5538461538461538,0.2857142857142857,1.0,0,0,0,0,1
149,0.5846153846153846,0.1964285714285714,0.33333333333333215,1,1,1,0,0
150,1.0,0.0,1.0,1,1,0,1,1
151,0.5384615384615384,0.0535714285714286,1.0,0,0,0,0,2
152,1.0,0.0,1.0,1,1,0,1,1
153,0.5384615384615384,0.0535714285714286,1.0,0,0,0,0,2
154,0.5538461538461538,0.0535714285714286,1.0,1,1,1,1,0
155,0.3846153846153847,0.1964285714285714,0.6666666666666679,1,0,1,1,1
156,0.23076923076923073,0.4642857142857143,0.6666666666666679,0,1,1,1,1
157,0.7846153846153846,0.5714285714285715,1.0,1,0,1,1,1
158,0.5692307692307693,0.1964285714285714,0.466666666666665,1,1,0,0,2
159,0.5692307692307693,0.1964285714285714,0.33333333333333215,1,1,1,0,2
160,0.4,0.2857142857142857,1.0,0,1,1,1,1
161,0.5538461538461538,0.017857142857142905,1.0,0,1,1,1,0
162,0.6769230769230771,0.9999999999999999,1.0,1,0,1,1,1
163,0.5846153846153846,0.2857142857142857,1.0,0,0,1,0,1
164,0.5384615384615384,0.0714285714285714,1.0,1,0,1,0,2
165,0.5692307692307693,0.125,0.466666666666665,1,0,0,0,2
166,0.5692307692307693,0.2857142857142857,0.33333333333333215,1,1,1,0,1
167,0.5846153846153846,0.1964285714285714,1.0,0,1,1,1,0
168,0.8615384615384615,0.375,1.0,0,1,0,0,1
169,0.6769230769230771,0.5535714285714285,1.0,0,0,0,0,1
170,0.5846153846153846,0.125,1.0,0,0,0,0,2
171,0.5384615384615384,0.0714285714285714,1.0,1,1,1,1,0
172,0.5846153846153846,0.0714285714285714,1.0,0,0,0,0,2
173,0.0,0.1071428571428571,1.0,1,0,0,0,1
174,0.923076923076923,0.1607142857142857,0.5333333333333314,1,1,1,1,1
175,0.5846153846153846,0.1071428571428571,1.0,1,1,1,1,0
176,0.5538461538461538,0.1964285714285714,0.6666666666666679,0,0,0,1,2
177,0.5384615384615384,0.0357142857142857,0.466666666666665,0,0,0,0,2
178,0.5538461538461538,0.0714285714285714,1.0,0,0,0,0,2
179,0.5846153846153846,0.1964285714285714,0.33333333333333215,1,1,1,0,0
180,1.0,0.0,1.0,1,1,0,1,1
181,0.5384615384615384,0.0535714285714286,1.0,0,0,0,0,2
182,0.5538461538461538,0.0535714285714286,1.0,1,1,1,1,0
183,0.3846153846153847,0.1964285714285714,0.6666666666666679,1,0,1,1,1
184,0.23076923076923073,0.4642857142857143,0.6666666666666679,0,1,1,1,1
185,0.7846153846153846,0.5714285714285715,1.0,1,0,1,1,1
186,0.5692307692307693,0.1964285714285714,0.466666666666665,1,1,0,0,2
187,0.5692307692307693,0.1964285714285714,0.33333333333333215,1,1,1,0,2
188,0.4,0.2857142857142857,1.0,0,1,1,1,1
189,0.8615384615384615,0.375,1.0,0,1,1,1,1
190,0.6769230769230771,0.9999999999999999,1.0,1,0,1,1,1
191,0.5846153846153846,0.1964285714285714,1.0,0,0,1,0,2
192,0.5384615384615384,0.0714285714285714,1.0,1,0,1,0,2
193,0.5692307692307693,0.0714285714285714,1.0,1,0,1,0,0
194,0.0,0.1071428571428571,1.0,1,1,1,1,1
195,0.923076923076923,0.1607142857142857,0.6666666666666679,1,0,1,1,1
196,0.8615384615384615,0.375,1.0,0,1,1,1,1
197,0.5846153846153846,0.1964285714285714,1.0,0,0,0,1,2
198,0.5846153846153846,0.1964285714285714,1.0,0,1,1,1,0
199,0.5384615384615384,0.0714285714285714,1.0,1,0,0,0,2
200,0.2615384615384616,0.0714285714285714,1.0,1,0,1,0,1
201,0.0,0.1071428571428571,1.0,1,1,1,1,1
202,0.923076923076923,0.1607142857142857,0.6666666666666679,1,0,1,1,1
203,0.5846153846153846,0.1071428571428571,0.33333333333333215,1,0,1,0,2
204,0.5384615384615384,0.0535714285714286,1.0,0,0,0,0,2
205,0.5538461538461538,0.0535714285714286,1.0,1,1,1,1,0
206,0.3846153846153847,0.1964285714285714,0.6666666666666679,1,0,1,1,1
207,0.23076923076923073,0.4642857142857143,0.6666666666666679,0,1,1,1,1
208,0.7846153846153846,0.5714285714285715,1.0,1,0,1,1,1
209,0.5692307692307693,0.1964285714285714,0.466666666666665,1,1,0,0,2
210,0.5692307692307693,0.1964285714285714,0.33333333333333215,1,1,1,0,2
211,0.4,0.2857142857142857,1.0,0,1,1,1,1
212,0.8615384615384615,0.375,1.0,0,1,1,1,1
213,0.6769230769230771,0.9999999999999999,1.0,1,0,1,1,1
214,0.5846153846153846,0.1964285714285714,1.0,0,0,1,0,2
215,0.5384615384615384,0.0714285714285714,1.0,1,0,1,0,2
216,0.5692307692307693,0.0714285714285714,1.0,1,0,1,0,0
217,0.0,0.1071428571428571,1.0,1,1,1,1,1
218,0.923076923076923,0.1607142857142857,0.6666666666666679,1,0,1,1,1
219,0.8615384615384615,0.375,1.0,0,1,1,1,1
220,0.5846153846153846,0.1964285714285714,1.0,0,0,0,1,2
221,0.5846153846153846,0.1964285714285714,1.0,0,1,1,1,0
222,0.5384615384615384,0.0714285714285714,1.0,1,0,0,0,2
223,0.2615384615384616,0.0714285714285714,1.0,1,0,1,0,1
224,0.0,0.1071428571428571,1.0,1,1,1,1,1
225,0.923076923076923,0.1607142857142857,0.6666666666666679,1,0,1,1,1
226,0.5846153846153846,0.1071428571428571,0.33333333333333215,1,0,1,0,2
227,0.5538461538461538,0.1964285714285714,0.6666666666666679,0,1,1,1,0
228,0.5384615384615384,0.0357142857142857,1.0,0,0,1,0,2
229,0.23076923076923073,0.0714285714285714,1.0,0,1,1,1,1
230,0.5846153846153846,0.1964285714285714,0.33333333333333215,1,1,1,1,0
231,0.5384615384615384,0.017857142857142905,0.3999999999999986,1,0,1,0,2
232,0.5846153846153846,0.0357142857142857,0.8666666666666671,0,1,1,0,0
233,0.8461538461538461,0.6428571428571429,0.3999999999999986,0,0,0,0,1
234,0.5846153846153846,0.0,0.0,0,0,0,1,2
235,0.5384615384615384,0.0535714285714286,0.33333333333333215,0,0,0,0,2
236,0.5538461538461538,0.0535714285714286,1.0,1,0,1,0,0
237,0.5846153846153846,0.1964285714285714,0.0,0,1,0,0,2
238,0.6769230769230771,0.5535714285714285,1.0,0,0,0,0,1
239,0.5846153846153846,0.125,1.0,0,0,1,0,2
240,0.5384615384615384,0.0714285714285714,1.0,1,1,1,1,0
241,0.5538461538461538,0.0714285714285714,1.0,0,0,0,0,2
242,0.0,0.1071428571428571,1.0,1,0,0,0,1
243,0.923076923076923,0.1607142857142857,0.5333333333333314,1,1,1,1,1
244,0.5384615384615384,0.0714285714285714,1.0,1,0,1,0,2
245,0.5692307692307693,0.0714285714285714,1.0,1,0,1,0,0
246,0.0,0.1071428571428571,1.0,1,1,1,1,1
247,0.5538461538461538,0.1607142857142857,0.6666666666666679,1,0,1,1,0
248,0.8615384615384615,0.375,1.0,0,1,1,1,1
249,0.5846153846153846,0.1964285714285714,1.0,0,0,0,1,2
250,0.5846153846153846,0.1964285714285714,1.0,0,1,1,1,0
251,0.5384615384615384,0.0714285714285714,1.0,1,0,0,0,2
252,0.5538461538461538,0.0714285714285714,1.0,1,0,1,0,0
253,0.0,0.1071428571428571,1.0,1,1,1,1,1
254,0.923076923076923,0.1607142857142857,0.6666666666666679,1,0,1,1,1
255,0.5846153846153846,0.1071428571428571,0.33333333333333215,1,0,1,0,2
256,0.5538461538461538,0.1964285714285714,0.6666666666666679,0,0,0,1,2
257,0.5384615384615384,0.0357142857142857,1.0,0,0,1,0,2
258,0.5538461538461538,0.0714285714285714,1.0,0,0,1,0,2
259,0.5846153846153846,0.1964285714285714,0.33333333333333215,1,1,1,1,0
260,0.5384615384615384,0.375,0.3999999999999986,1,0,1,0,1
261,0.5846153846153846,0.0357142857142857,0.8666666666666671,0,1,1,0,0
262,0.8461538461538461,0.6428571428571429,0.3999999999999986,0,0,0,0,1
263,0.5846153846153846,0.1071428571428571,0.33333333333333215,1,0,1,0,2
264,0.5538461538461538,0.1964285714285714,0.6666666666666679,0,1,1,1,0
265,0.5384615384615384,0.0357142857142857,1.0,0,0,1,0,2
266,0.23076923076923073,0.0714285714285714,1.0,0,1,1,1,1
267,0.5846153846153846,0.1964285714285714,0.33333333333333215,1,1,1,1,0
268,0.5384615384615384,0.017857142857142905,0.3999999999999986,1,0,1,0,2
269,0.5846153846153846,0.0357142857142857,0.8666666666666671,0,1,1,0,0
270,0.8461538461538461,0.6428571428571429,0.3999999999999986,0,0,0,0,1
271,0.5846153846153846,0.0,0.0,0,0,0,1,2
272,0.923076923076923,0.1607142857142857,0.5333333333333314,1,1,1,1,1
273,0.5846153846153846,0.1071428571428571,1.0,1,1,1,1,0
274,0.5538461538461538,0.2857142857142857,0.6666666666666679,0,0,0,1,1
275,0.5384615384615384,0.0357142857142857,0.466666666666665,0,0,0,0,2
276,0.5538461538461538,0.2857142857142857,1.0,0,0,0,0,1
277,0.5846153846153846,0.1964285714285714,0.33333333333333215,1,1,1,0,0
278,1.0,0.0,1.0,1,1,0,1,1
279,0.5384615384615384,0.0535714285714286,1.0,0,0,0,0,2
280,1.0,0.0,1.0,1,1,0,1,1
281,0.5384615384615384,0.0535714285714286,1.0,0,0,0,0,2
282,0.5538461538461538,0.0535714285714286,1.0,1,1,1,1,0
283,0.3846153846153847,0.1964285714285714,0.6666666666666679,1,0,1,1,1
284,0.23076923076923073,0.4642857142857143,0.6666666666666679,0,1,1,1,1
285,0.7846153846153846,0.5714285714285715,1.0,1,0,1,1,1
286,0.5692307692307693,0.1964285714285714,0.466666666666665,1,1,0,0,2
287,0.5692307692307693,0.1964285714285714,0.33333333333333215,1,1,1,0,2
288,0.4,0.2857142857142857,1.0,0,1,1,1,1
289,0.5538461538461538,0.017857142857142905,1.0,0,1,1,1,0
290,0.6769230769230771,0.9999999999999999,1.0,1,0,1,1,1
291,0.5846153846153846,0.2857142857142857,1.0,0,0,1,0,1
292,0.5384615384615384,0.0714285714285714,1.0,1,0,1,0,2
293,0.5692307692307693,0.125,0.466666666666665,1,0,0,0,2
294,0.5692307692307693,0.2857142857142857,0.33333333333333215,1,1,1,0,1
295,0.5846153846153846,0.1964285714285714,1.0,0,1,1,1,0
296,0.8615384615384615,0.375,1.0,0,1,0,0,1
297,0.6769230769230771,0.5535714285714285,1.0,0,0,0,0,1
298,0.5846153846153846,0.125,1.0,0,0,0,0,2
299,0.5384615384615384,0.0714285714285714,1.0,1,1,1,1,0
300,0.5846153846153846,0.0714285714285714,1.0,0,0,0,0,2
301,0.0,0.1071428571428571,1.0,1,0,0,0,1
302,0.923076923076923,0.1607142857142857,0.5333333333333314,1,1,1,1,1
303,0.5846153846153846,0.1071428571428571,1.0,1,1,1,1,0
304,0.5538461538461538,0.1964285714285714,0.6666666666666679,0,0,0,1,2
305,0.5384615384615384,0.0357142857142857,0.466666666666665,0,0,0,0,2
306,0.5538461538461538,0.0714285714285714,1.0,0,0,0,0,2
307,0.5846153846153846,0.1964285714285714,0.33333333333333215,1,1,1,0,0
308,1.0,0.0,1.0,1,1,0,1,1
309,0.5384615384615384,0.0535714285714286,1.0,0,0,0,0,2
310,0.5538461538461538,0.0535714285714286,1.0,1,1,1,1,0
311,0.3846153846153847,0.1964285714285714,0.6666666666666679,1,0,1,1,1
312,0.23076923076923073,0.4642857142857143,0.6666666666666679,0,1,1,1,1
313,0.7846153846153846,0.5714285714285715,1.0,1,0,1,1,1
314,0.5692307692307693,0.1964285714285714,0.466666666666665,1,1,0,0,2
315,0.5692307692307693,0.1964285714285714,0.33333333333333215,1,1,1,0,2
316,0.4,0.2857142857142857,1.0,0,1,1,1,1
317,0.8615384615384615,0.375,1.0,0,1,1,1,1
318,0.6769230769230771,0.9999999999999999,1.0,1,0,1,1,1
319,0.5846153846153846,0.1964285714285714,1.0,0,0,1,0,2
320,0.5384615384615384,0.0714285714285714,1.0,1,0,1,0,2
321,0.5692307692307693,0.0714285714285714,1.0,1,0,1,0,0
322,0.0,0.1071428571428571,1.0,1,1,1,1,1
323,0.923076923076923,0.1607142857142857,0.6666666666666679,1,0,1,1,1
324,0.8615384615384615,0.375,1.0,0,1,1,1,1
325,0.5846153846153846,0.1964285714285714,1.0,0,0,0,1,2
326,0.5846153846153846,0.1964285714285714,1.0,0,1,1,1,0
327,0.5384615384615384,0.0714285714285714,1.0,1,0,0,0,2
328,0.2615384615384616,0.0714285714285714,1.0,1,0,1,0,1
329,0.0,0.1071428571428571,1.0,1,1,1,1,1
330,0.923076923076923,0.1607142857142857,0.6666666666666679,1,0,1,1,1
331,0.5846153846153846,0.1071428571428571,0.33333333333333215,1,0,1,0,2
332,0.5384615384615384,0.0535714285714286,1.0,0,0,0,0,2
333,0.5538461538461538,0.0535714285714286,1.0,1,1,1,1,0
334,0.3846153846153847,0.1964285714285714,0.6666666666666679,1,0,1,1,1
335,0.23076923076923073,0.4642857142857143,0.6666666666666679,0,1,1,1,1
336,0.7846153846153846,0.5714285714285715,1.0,1,0,1,1,1
337,0.5692307692307693,0.1964285714285714,0.466666666666665,1,1,0,0,2
338,0.5692307692307693,0.1964285714285714,0.33333333333333215,1,1,1,0,2
339,0.4,0.2857142857142857,1.0,0,1,1,1,1
340,0.8615384615384615,0.375,1.0,0,1,1,1,1
341,0.6769230769230771,0.9999999999999999,1.0,1,0,1,1,1
342,0.5846153846153846,0.1964285714285714,1.0,0,0,1,0,2
343,0.5384615384615384,0.0714285714285714,1.0,1,0,1,0,2
344,0.5692307692307693,0.0714285714285714,1.0,1,0,1,0,0
345,0.0,0.1071428571428571,1.0,1,1,1,1,1
346,0.923076923076923,0.1607142857142857,0.6666666666666679,1,0,1,1,1
347,0.8615384615384615,0.375,1.0,0,1,1,1,1
348,0.5846153846153846,0.1964285714285714,1.0,0,0,0,1,2
349,0.5846153846153846,0.1964285714285714,1.0,0,1,1,1,0
350,0.5384615384615384,0.0714285714285714,1.0,1,0,0,0,2
351,0.2615384615384616,0.0714285714285714,1.0,1,0,1,0,1
352,0.0,0.1071428571428571,1.0,1,1,1,1,1
353,0.923076923076923,0.1607142857142857,0.6666666666666679,1,0,1,1,1
354,0.5846153846153846,0.1071428571428571,0.33333333333333215,1,0,1,0,2
355,0.5538461538461538,0.1964285714285714,0.6666666666666679,0,1,1,1,0
356,0.5384615384615384,0.0357142857142857,1.0,0,0,1,0,2
357,0.23076923076923073,0.0714285714285714,1.0,0,1,1,1,1
358,0.5846153846153846,0.1964285714285714,0.33333333333333215,1,1,1,1,0
359,0.5384615384615384,0.017857142857142905,0.3999999999999986,1,0,1,0,2
360,0.5846153846153846,0.0357142857142857,0.8666666666666671,0,1,1,0,0
361,0.8461538461538461,0.6428571428571429,0.3999999999999986,0,0,0,0,1
362,0.5846153846153846,0.0,0.0,0,0,0,1,2
363,0.5384615384615384,0.0535714285714286,0.33333333333333215,0,0,0,0,2
364,0.5538461538461538,0.0535714285714286,1.0,1,0,1,0,0
365,0.5846153846153846,0.1964285714285714,0.0,0,1,0,0,2
366,0.6769230769230771,0.5535714285714285,1.0,0,0,0,0,1
367,0.5846153846153846,0.125,1.0,0,0,1,0,2
368,0.5384615384615384,0.0714285714285714,1.0,1,1,1,1,0
369,0.5538461538461538,0.0714285714285714,1.0,0,0,0,0,2
370,0.0,0.1071428571428571,1.0,1,0,0,0,1
371,0.923076923076923,0.1607142857142857,0.5333333333333314,1,1,1,1,1
372,0.5384615384615384,0.0714285714285714,1.0,1,0,1,0,2
373,0.5692307692307693,0.0714285714285714,1.0,1,0,1,0,0
374,0.0,0.1071428571428571,1.0,1,1,1,1,1
375,0.5538461538461538,0.1607142857142857,0.6666666666666679,1,0,1,1,0
376,0.8615384615384615,0.375,1.0,0,1,1,1,1
377,0.5846153846153846,0.1964285714285714,1.0,0,0,0,1,2
378,0.5846153846153846,0.1964285714285714,1.0,0,1,1,1,0
379,0.5384615384615384,0.0714285714285714,1.0,1,0,0,0,2
380,0.5538461538461538,0.0714285714285714,1.0,1,0,1,0,0
381,0.0,0.1071428571428571,1.0,1,1,1,1,1
382,0.923076923076923,0.1607142857142857,0.6666666666666679,1,0,1,1,1
383,0.5846153846153846,0.1071428571428571,0.33333333333333215,1,0,1,0,2
384,0.5538461538461538,0.1964285714285714,0.6666666666666679,0,0,0,1,2
385,0.5384615384615384,0.0357142857142857,1.0,0,0,1,0,2
386,0.5846153846153846,0.1964285714285714,1.0,0,1,1,1,0
387,0.5384615384615384,0.0714285714285714,1.0,1,0,0,0,2
388,0.2615384615384616,0.0714285714285714,1.0,1,0,1,0,1
389,0.0,0.1071428571428571,1.0,1,1,1,1,1
390,0.923076923076923,0.1607142857142857,0.6666666666666679,1,0,1,1,1
391,0.5846153846153846,0.1071428571428571,0.33333333333333215,1,0,1,0,2
392,0.5538461538461538,0.1964285714285714,0.6666666666666679,0,1,1,1,0
393,0.5384615384615384,0.0357142857142857,1.0,0,0,1,0,2
394,0.23076923076923073,0.0714285714285714,1.0,0,1,1,1,1
395,0.5846153846153846,0.1964285714285714,0.33333333333333215,1,1,1,1,0
396,0.5384615384615384,0.017857142857142905,0.3999999999999986,1,0,1,0,2
397,0.5846153846153846,0.0357142857142857,0.8666666666666671,0,1,1,0,0
398,0.8461538461538461,0.6428571428571429,0.3999999999999986,0,0,0,0,1
399,0.5846153846153846,0.0,0.0,0,0,0,1,2
400,0.5384615384615384,0.0535714285714286,0.33333333333333215,0,0,0,0,2
401,0.5538461538461538,0.0535714285714286,1.0,1,0,1,0,0
402,0.5846153846153846,0.1964285714285714,0.0,0,1,0,0,2
403,0.6769230769230771,0.5535714285714285,1.0,0,0,0,0,1
404,0.5846153846153846,0.125,1.0,0,0,1,0,2
405,0.5384615384615384,0.0714285714285714,1.0,1,1,1,1,0
406,0.5538461538461538,0.0714285714285714,1.0,0,0,0,0,2
407,0.0,0.1071428571428571,1.0,1,0,0,0,1
408,0.923076923076923,0.1607142857142857,0.5333333333333314,1,1,1,1,1
409,0.5846153846153846,0.1071428571428571,1.0,1,1,1,1,0
410,0.5538461538461538,0.2857142857142857,0.6666666666666679,0,0,0,1,1
411,0.5384615384615384,0.0357142857142857,0.466666666666665,0,0,0,0,2
412,0.5538461538461538,0.2857142857142857,1.0,0,0,0,0,1
413,0.5846153846153846,0.1964285714285714,0.33333333333333215,1,1,1,0,0
414,1.0,0.0,1.0,1,1,0,1,1
415,0.5384615384615384,0.0535714285714286,1.0,0,0,0,0,2
416,1.0,0.0,1.0,1,1,0,1,1
417,0.5384615384615384,0.0535714285714286,1.0,0,0,0,0,2
418,0.5538461538461538,0.0535714285714286,1.0,1,1,1,1,0
419,0.3846153846153847,0.1964285714285714,0.6666666666666679,1,0,1,1,1
420,0.23076923076923073,0.4642857142857143,0.6666666666666679,0,1,1,1,1
421,0.7846153846153846,0.5714285714285715,1.0,1,0,1,1,1
422,0.5692307692307693,0.1964285714285714,0.466666666666665,1,1,0,0,2
423,0.5692307692307693,0.1964285714285714,0.33333333333333215,1,1,1,0,2
424,0.4,0.2857142857142857,1.0,0,1,1,1,1
425,0.5538461538461538,0.017857142857142905,1.0,0,1,1,1,0
426,0.6769230769230771,0.9999999999999999,1.0,1,0,1,1,1
427,0.5846153846153846,0.2857142857142857,1.0,0,0,1,0,1
428,0.5384615384615384,0.0714285714285714,1.0,1,0,1,0,2
429,0.5692307692307693,0.0714285714285714,1.0,1,0,1,0,0
430,0.0,0.1071428571428571,1.0,1,1,1,1,1
431,0.5538461538461538,0.1607142857142857,0.6666666666666679,1,0,1,1,0
432,0.8615384615384615,0.375,1.0,0,1,1,1,1
433,0.5846153846153846,0.1964285714285714,1.0,0,0,0,1,2
434,0.5846153846153846,0.1964285714285714,1.0,0,1,1,1,0
435,0.5384615384615384,0.0714285714285714,1.0,1,0,0,0,2
436,0.5538461538461538,0.0714285714285714,1.0,1,0,1,0,0
437,0.0,0.1071428571428571,1.0,1,1,1,1,1
438,0.923076923076923,0.1607142857142857,0.6666666666666679,1,0,1,1,1
439,0.5846153846153846,0.1071428571428571,0.33333333333333215,1,0,1,0,2
440,0.5538461538461538,0.1964285714285714,0.6666666666666679,0,0,0,1,2
441,0.5384615384615384,0.0357142857142857,1.0,0,0,1,0,2
442,0.5538461538461538,0.0714285714285714,1.0,0,0,1,0,2
443,0.5846153846153846,0.1964285714285714,0.33333333333333215,1,1,1,1,0
444,0.5384615384615384,0.375,0.3999999999999986,1,0,1,0,1
445,0.5846153846153846,0.0357142857142857,0.8666666666666671,0,1,1,0,0
446,0.8461538461538461,0.6428571428571429,0.3999999999999986,0,0,0,0,1
447,0.5846153846153846,0.1071428571428571,0.33333333333333215,1,0,1,0,2
448,0.5538461538461538,0.1964285714285714,0.6666666666666679,0,1,1,1,0
449,0.5384615384615384,0.0357142857142857,1.0,0,0,1,0,2
450,0.23076923076923073,0.0714285714285714,1.0,0,1,1,1,1
451,0.5846153846153846,0.1964285714285714,0.33333333333333215,1,1,1,1,0
452,0.5384615384615384,0.017857142857142905,0.3999999999999986,1,0,1,0,2
453,0.5846153846153846,0.0357142857142857,0.8666666666666671,0,1,1,0,0
454,0.8461538461538461,0.6428571428571429,0.3999999999999986,0,0,0,0,1
455,0.5538461538461538,0.2857142857142857,1.0,0,0,0,0,1
456,0.5846153846153846,0.1964285714285714,0.33333333333333215,1,1,1,0,0
457,1.0,0.0,1.0,1,1,0,1,1
458,0.5384615384615384,0.0535714285714286,1.0,0,0,0,0,2
459,1.0,0.0,1.0,1,1,0,1,1
460,0.5384615384615384,0.0535714285714286,1.0,0,0,0,0,2
461,0.5538461538461538,0.0535714285714286,1.0,1,1,1,1,0
462,0.3846153846153847,0.1964285714285714,0.6666666666666679,1,0,1,1,1
463,0.23076923076923073,0.4642857142857143,0.6666666666666679,0,1,1,1,1
464,0.7846153846153846,0.5714285714285715,1.0,1,0,1,1,1
465,0.5692307692307693,0.1964285714285714,0.466666666666665,1,1,0,0,2
466,0.5692307692307693,0.1964285714285714,0.33333333333333215,1,1,1,0,2
467,0.4,0.2857142857142857,1.0,0,1,1,1,1
468,0.5538461538461538,0.017857142857142905,1.0,0,1,1,1,0
469,0.6769230769230771,0.9999999999999999,1.0,1,0,1,1,1
470,0.5846153846153846,0.2857142857142857,1.0,0,0,1,0,1
471,0.5384615384615384,0.0714285714285714,1.0,1,0,1,0,2
472,0.5692307692307693,0.0714285714285714,1.0,1,0,1,0,0
473,0.0,0.1071428571428571,1.0,1,1,1,1,1
474,0.5538461538461538,0.1607142857142857,0.6666666666666679,1,0,1,1,0
475,0.8615384615384615,0.375,1.0,0,1,1,1,1
476,0.5846153846153846,0.1964285714285714,1.0,0,0,0,1,2
477,0.5846153846153846,0.1964285714285714,1.0,0,1,1,1,0
478,0.5384615384615384,0.0714285714285714,1.0,1,0,0,0,2
479,0.5538461538461538,0.0714285714285714,1.0,1,0,1,0,0
480,0.0,0.1071428571428571,1.0,1,1,1,1,1
481,0.923076923076923,0.1607142857142857,0.6666666666666679,1,0,1,1,1
482,0.5846153846153846,0.1071428571428571,0.33333333333333215,1,0,1,0,2
483,0.5538461538461538,0.1964285714285714,0.6666666666666679,0,0,0,1,2
484,0.5384615384615384,0.0357142857142857,1.0,0,0,1,0,2
485,0.5538461538461538,0.0714285714285714,1.0,0,0,1,0,2
486,0.5846153846153846,0.1964285714285714,0.33333333333333215,1,1,1,1,0
487,0.5384615384615384,0.375,0.3999999999999986,1,0,1,0,1
488,0.5846153846153846,0.0357142857142857,0.8666666666666671,0,1,1,0,0
489,0.8461538461538461,0.6428571428571429,0.3999999999999986,0,0,0,0,1
490,0.5846153846153846,0.1071428571428571,0.33333333333333215,1,0,1,0,2
491,0.5538461538461538,0.1964285714285714,0.6666666666666679,0,1,1,1,0
492,0.5384615384615384,0.0357142857142857,1.0,0,0,1,0,2
493,0.23076923076923073,0.0714285714285714,1.0,0,1,1,1,1
494,0.5846153846153846,0.1964285714285714,0.33333333333333215,1,1,1,1,0
495,0.5384615384615384,0.017857142857142905,0.3999999999999986,1,0,1,0,2
496,0.5846153846153846,0.0357142857142857,0.8666666666666671,0,1,1,0,0
497,0.8461538461538461,0.6428571428571429,0.3999999999999986,0,0,0,0,1
498,0.5846153846153846,0.0,0.0,0,0,0,1,2
499,0.5384615384615384,0.0535714285714286,0.33333333333333215,0,0,0,0,2
500,0.5538461538461538,0.0535714285714286,1.0,1,0,1,0,0
501,0.5846153846153846,0.1964285714285714,0.0,0,1,0,0,2
502,0.6769230769230771,0.5535714285714285,1.0,0,0,0,0,1
503,0.5846153846153846,0.125,1.0,0,0,1,0,2
504,0.5384615384615384,0.0714285714285714,1.0,1,1,1,1,0
505,0.5538461538461538,0.0714285714285714,1.0,0,0,0,0,2
506,0.0,0.1071428571428571,1.0,1,0,0,0,1
507,0.923076923076923,0.1607142857142857,0.5333333333333314,1,1,1,1,1
508,0.5846153846153846,0.1071428571428571,1.0,1,1,1,1,0
509,0.5538461538461538,0.2857142857142857,0.6666666666666679,0,0,0,1,1
510,0.5384615384615384,0.0357142857142857,0.466666666666665,0,0,0,0,2
511,0.5538461538461538,0.2857142857142857,1.0,0,0,0,0,1
512,0.5846153846153846,0.1964285714285714,0.33333333333333215,1,1,1,0,0
513,1.0,0.0,1.0,1,1,0,1,1
514,0.5384615384615384,0.0535714285714286,1.0,0,0,0,0,2
515,1.0,0.0,1.0,1,1,0,1,1
516,0.5384615384615384,0.0535714285714286,1.0,0,0,0,0,2
517,0.5538461538461538,0.0535714285714286,1.0,1,1,1,1,0
518,0.3846153846153847,0.1964285714285714,0.6666666666666679,1,0,1,1,1
519,0.23076923076923073,0.4642857142857143,0.6666666666666679,0,1,1,1,1
520,0.7846153846153846,0.5714285714285715,1.0,1,0,1,1,1
521,0.5692307692307693,0.1964285714285714,0.466666666666665,1,1,0,0,2
522,0.5692307692307693,0.1964285714285714,0.33333333333333215,1,1,1,0,2
523,0.4,0.2857142857142857,1.0,0,1,1,1,1
524,0.5538461538461538,0.017857142857142905,1.0,0,1,1,1,0
525,0.6769230769230771,0.9999999999999999,1.0,1,0,1,1,1
526,0.5846153846153846,0.2857142857142857,1.0,0,0,1,0,1
527,0.5384615384615384,0.0714285714285714,1.0,1,0,1,0,2
528,0.5692307692307693,0.125,0.466666666666665,1,0,0,0,2
529,0.5692307692307693,0.2857142857142857,0.33333333333333215,1,1,1,0,1
530,0.5846153846153846,0.1964285714285714,1.0,0,1,1,1,0
531,0.5538461538461538,0.1964285714285714,1.0,0,1,0,0,2
532,0.6769230769230771,0.5535714285714285,1.0,0,0,0,0,1
533,0.5846153846153846,0.125,1.0,0,0,0,0,2
534,0.5384615384615384,0.0714285714285714,1.0,1,1,1,1,0
535,0.5846153846153846,0.0714285714285714,1.0,0,0,0,0,2
536,0.0,0.1071428571428571,1.0,1,0,0,0,1
537,0.923076923076923,0.1607142857142857,0.5333333333333314,1,1,1,1,1
538,0.5846153846153846,0.1071428571428571,1.0,1,1,1,1,0
539,0.5538461538461538,0.2857142857142857,0.6666666666666679,0,0,0,1,1
540,0.5384615384615384,0.0357142857142857,0.466666666666665,0,0,0,0,2
541,0.5538461538461538,0.0714285714285714,1.0,0,0,0,0,2
542,0.5846153846153846,0.1964285714285714,0.33333333333333215,1,1,1,0,0
543,1.0,0.0,1.0,1,1,0,1,1
544,0.5384615384615384,0.0535714285714286,1.0,0,0,0,0,2
545,0.5538461538461538,0.0535714285714286,1.0,1,1,1,1,0
546,0.3846153846153847,0.1964285714285714,0.6666666666666679,1,0,1,1,1
547,0.5384615384615384,0.1071428571428571,0.6666666666666679,1,0,0,0,2
548,0.7846153846153846,0.5714285714285715,1.0,1,0,1,1,1
549,0.5692307692307693,0.1964285714285714,0.466666666666665,1,1,0,0,2
550,0.5692307692307693,0.0714285714285714,1.0,1,0,1,0,0
551,0.0,0.1071428571428571,1.0,1,1,1,1,1
552,0.5846153846153846,0.1607142857142857,0.6666666666666679,1,0,1,0,0
553,0.8615384615384615,0.375,1.0,0,1,1,1,1
554,0.5846153846153846,0.375,1.0,0,0,0,1,1
555,0.5846153846153846,0.1964285714285714,1.0,0,1,1,1,0
556,0.5384615384615384,0.0714285714285714,1.0,1,0,0,0,2
557,0.2615384615384616,0.0714285714285714,1.0,1,0,1,0,1
558,0.0,0.1071428571428571,1.0,1,1,1,1,1
559,0.923076923076923,0.1607142857142857,0.6666666666666679,1,0,1,1,1
560,0.5846153846153846,0.1071428571428571,0.33333333333333215,1,0,1,0,2
561,0.5538461538461538,0.1964285714285714,0.6666666666666679,0,1,1,1,0
562,0.5384615384615384,0.0357142857142857,1.0,0,0,1,0,2
563,0.23076923076923073,0.0714285714285714,1.0,0,1,1,1,1
564,0.5846153846153846,0.1964285714285714,0.33333333333333215,1,1,1,1,0
565,0.5384615384615384,0.2857142857142857,0.3999999999999986,1,0,1,0,1
566,0.5846153846153846,0.0357142857142857,0.8666666666666671,0,1,1,0,0
567,0.8461538461538461,0.6428571428571429,0.3999999999999986,0,0,0,0,1
568,0.5846153846153846,0.0,0.0,0,0,0,1,2
569,0.5384615384615384,0.0535714285714286,0.33333333333333215,0,0,0,0,2
570,0.5538461538461538,0.0535714285714286,1.0,1,0,1,0,0
571,0.5846153846153846,0.1964285714285714,0.0,0,1,0,0,2
572,0.6769230769230771,0.5535714285714285,1.0,0,0,0,0,1
573,0.5846153846153846,0.125,1.0,0,0,1,0,2
574,0.5384615384615384,0.0714285714285714,1.0,1,1,1,1,0
575,0.5538461538461538,0.0714285714285714,1.0,0,0,0,0,2
576,0.5538461538461538,0.1071428571428571,1.0,1,0,1,1,0
577,0.923076923076923,0.1607142857142857,0.5333333333333314,1,1,1,1,1
578,0.5384615384615384,0.0714285714285714,1.0,1,0,1,0,2
579,0.5692307692307693,0.0714285714285714,1.0,1,0,1,0,0
580,0.0,0.1071428571428571,1.0,1,1,1,1,1
581,0.5538461538461538,0.1607142857142857,0.6666666666666679,1,0,1,1,0
582,0.5846153846153846,0.125,1.0,0,0,1,0,2
583,0.5384615384615384,0.0714285714285714,1.0,1,1,1,1,0
584,0.5538461538461538,0.0714285714285714,1.0,0,0,0,0,2
585,0.0,0.1071428571428571,1.0,1,0,0,0,1
586,0.923076923076923,0.1607142857142857,0.5333333333333314,1,1,1,1,1
587,0.5846153846153846,0.1071428571428571,1.0,1,1,1,1,0
588,0.5538461538461538,0.2857142857142857,0.6666666666666679,0,0,0,1,1
589,0.5384615384615384,0.0357142857142857,0.466666666666665,0,0,0,0,2
590,0.5538461538461538,0.2857142857142857,1.0,0,0,0,0,1
591,0.5846153846153846,0.1964285714285714,0.33333333333333215,1,1,1,0,0
592,1.0,0.0,1.0,1,1,0,1,1
593,0.5384615384615384,0.0535714285714286,1.0,0,0,0,0,2
594,1.0,0.0,1.0,1,1,0,1,1
595,0.5384615384615384,0.0535714285714286,1.0,0,0,0,0,2
596,0.5538461538461538,0.0535714285714286,1.0,1,1,1,1,0
597,0.3846153846153847,0.1964285714285714,0.6666666666666679,1,0,1,1,1
598,0.23076923076923073,0.4642857142857143,0.6666666666666679,0,1,1,1,1
599,0.7846153846153846,0.5714285714285715,1.0,1,0,1,1,1
600,0.5692307692307693,0.1964285714285714,0.466666666666665,1,1,0,0,2
601,0.5692307692307693,0.1964285714285714,0.33333333333333215,1,1,1,0,2
602,0.4,0.2857142857142857,1.0,0,1,1,1,1
603,0.5538461538461538,0.017857142857142905,1.0,0,1,1,1,0
604,0.6769230769230771,0.9999999999999999,1.0,1,0,1,1,1
605,0.5846153846153846,0.2857142857142857,1.0,0,0,1,0,1
606,0.5384615384615384,0.0714285714285714,1.0,1,0,1,0,2
607,0.5692307692307693,0.125,0.466666666666665,1,0,0,0,2
608,0.5692307692307693,0.2857142857142857,0.33333333333333215,1,1,1,0,1
609,0.5846153846153846,0.1964285714285714,1.0,0,1,1,1,0
610,0.5538461538461538,0.1964285714285714,1.0,0,1,0,0,2
611,0.6769230769230771,0.5535714285714285,1.0,0,0,0,0,1
612,0.5846153846153846,0.125,1.0,0,0,0,0,2
613,0.5384615384615384,0.0714285714285714,1.0,1,1,1,1,0
614,0.5846153846153846,0.0714285714285714,1.0,0,0,0,0,2
615,0.0,0.1071428571428571,1.0,1,0,0,0,1
616,0.923076923076923,0.1607142857142857,0.5333333333333314,1,1,1,1,1
617,0.5846153846153846,0.1071428571428571,1.0,1,1,1,1,0
618,0.5538461538461538,0.2857142857142857,0.6666666666666679,0,0,0,1,1
619,0.5384615384615384,0.0357142857142857,0.466666666666665,0,0,0,0,2
620,0.5538461538461538,0.0714285714285714,1.0,0,0,0,0,2
621,0.5846153846153846,0.1964285714285714,0.33333333333333215,1,1,1,0,0
622,1.0,0.0,1.0,1,1,0,1,1
623,0.5384615384615384,0.0535714285714286,1.0,0,0,0,0,2
624,0.5538461538461538,0.0535714285714286,1.0,1,1,1,1,0
625,0.3846153846153847,0.1964285714285714,0.6666666666666679,1,0,1,1,1
626,0.5384615384615384,0.1071428571428571,0.6666666666666679,1,0,0,0,2
627,0.7846153846153846,0.5714285714285715,1.0,1,0,1,1,1
628,0.5692307692307693,0.1964285714285714,0.466666666666665,1,1,0,0,2
629,0.5692307692307693,0.0714285714285714,1.0,1,0,1,0,0
630,0.0,0.1071428571428571,1.0,1,1,1,1,1
631,0.5846153846153846,0.1607142857142857,0.6666666666666679,1,0,1,0,0
632,0.8615384615384615,0.375,1.0,0,1,1,1,1
633,0.5846153846153846,0.375,1.0,0,0,0,1,1
634,0.5846153846153846,0.1964285714285714,1.0,0,1,1,1,0
635,0.5384615384615384,0.0714285714285714,1.0,1,0,0,0,2
636,0.2615384615384616,0.0714285714285714,1.0,1,0,1,0,1
637,0.0,0.1071428571428571,1.0,1,1,1,1,1
638,0.923076923076923,0.1607142857142857,0.6666666666666679,1,0,1,1,1
639,0.5846153846153846,0.1071428571428571,0.33333333333333215,1,0,1,0,2
640,0.5538461538461538,0.1964285714285714,0.6666666666666679,0,1,1,1,0
641,0.5384615384615384,0.0357142857142857,1.0,0,0,1,0,2
642,0.23076923076923073,0.0714285714285714,1.0,0,1,1,1,1
643,0.5846153846153846,0.1964285714285714,0.33333333333333215,1,1,1,1,0
644,0.5384615384615384,0.2857142857142857,0.3999999999999986,1,0,1,0,1
645,0.5846153846153846,0.0357142857142857,0.8666666666666671,0,1,1,0,0
646,0.8461538461538461,0.6428571428571429,0.3999999999999986,0,0,0,0,1
647,0.5846153846153846,0.0,0.0,0,0,0,1,2
648,0.5384615384615384,0.0535714285714286,0.33333333333333215,0,0,0,0,2
649,0.5538461538461538,0.0535714285714286,1.0,1,0,1,0,0
650,0.5846153846153846,0.1964285714285714,0.0,0,1,0,0,2
651,0.6769230769230771,0.5535714285714285,1.0,0,0,0,0,1
652,0.5846153846153846,0.125,1.0,0,0,1,0,2
653,0.5384615384615384,0.0714285714285714,1.0,1,1,1,1,0
654,0.5538461538461538,0.0714285714285714,1.0,0,0,0,0,2
655,0.5692307692307693,0.0714285714285714,1.0,1,0,1,0,0
656,0.0,0.1071428571428571,1.0,1,1,1,1,1
657,0.923076923076923,0.1607142857142857,0.6666666666666679,1,0,1,1,1
658,0.8615384615384615,0.375,1.0,0,1,1,1,1
659,0.5846153846153846,0.1964285714285714,1.0,0,0,0,1,2
660,0.5846153846153846,0.1964285714285714,1.0,0,1,1,1,0
661,0.5384615384615384,0.0714285714285714,1.0,1,0,0,0,2
662,0.2615384615384616,0.0714285714285714,1.0,1,0,1,0,1
663,0.0,0.1071428571428571,1.0,1,1,1,1,1
664,0.923076923076923,0.1607142857142857,0.6666666666666679,1,0,1,1,1
665,0.5846153846153846,0.1071428571428571,0.33333333333333215,1,0,1,0,2
666,0.5384615384615384,0.0535714285714286,1.0,0,0,0,0,2
667,0.5538461538461538,0.0535714285714286,1.0,1,1,1,1,0
668,0.3846153846153847,0.1964285714285714,0.6666666666666679,1,0,1,1,1
669,0.23076923076923073,0.4642857142857143,0.6666666666666679,0,1,1,1,1
670,0.7846153846153846,0.5714285714285715,1.0,1,0,1,1,1
671,0.5692307692307693,0.1964285714285714,0.466666666666665,1,1,0,0,2
672,0.5692307692307693,0.1964285714285714,0.33333333333333215,1,1,1,0,2
673,0.4,0.2857142857142857,1.0,0,1,1,1,1
674,0.8615384615384615,0.375,1.0,0,1,1,1,1
675,0.6769230769230771,0.9999999999999999,1.0,1,0,1,1,1
676,0.5846153846153846,0.1964285714285714,1.0,0,0,1,0,2
677,0.5384615384615384,0.0714285714285714,1.0,1,0,1,0,2
678,0.5692307692307693,0.0714285714285714,1.0,1,0,1,0,0
679,0.0,0.1071428571428571,1.0,1,1,1,1,1
680,0.923076923076923,0.1607142857142857,0.6666666666666679,1,0,1,1,1
681,0.8615384615384615,0.375,1.0,0,1,1,1,1
682,0.5846153846153846,0.1964285714285714,1.0,0,0,0,1,2
683,0.5846153846153846,0.1964285714285714,1.0,0,1,1,1,0
684,0.5384615384615384,0.0714285714285714,1.0,1,0,0,0,2
685,0.2615384615384616,0.0714285714285714,1.0,1,0,1,0,1
686,0.0,0.1071428571428571,1.0,1,1,1,1,1
687,0.923076923076923,0.1607142857142857,0.6666666666666679,1,0,1,1,1
688,0.5846153846153846,0.1071428571428571,0.33333333333333215,1,0,1,0,2
689,0.5538461538461538,0.1964285714285714,0.6666666666666679,0,1,1,1,0
690,0.5384615384615384,0.0357142857142857,1.0,0,0,1,0,2
691,0.23076923076923073,0.0714285714285714,1.0,0,1,1,1,1
692,0.5846153846153846,0.1964285714285714,0.33333333333333215,1,1,1,1,0
693,0.5384615384615384,0.017857142857142905,0.3999999999999986,1,0,1,0,2
694,0.5846153846153846,0.0357142857142857,0.8666666666666671,0,1,1,0,0
695,0.8461538461538461,0.6428571428571429,0.3999999999999986,0,0,0,0,1
696,0.5846153846153846,0.0,0.0,0,0,0,1,2
697,0.5384615384615384,0.0535714285714286,0.33333333333333215,0,0,0,0,2
698,0.5538461538461538,0.0535714285714286,1.0,1,0,1,0,0
699,0.5846153846153846,0.1964285714285714,0.0,0,1,0,0,2
700,0.6769230769230771,0.5535714285714285,1.0,0,0,0,0,1
701,0.5846153846153846,0.125,1.0,0,0,1,0,2
702,0.5384615384615384,0.0714285714285714,1.0,1,1,1,1,0
703,0.5538461538461538,0.0714285714285714,1.0,0,0,0,0,2
704,0.0,0.1071428571428571,1.0,1,0,0,0,1
705,0.923076923076923,0.1607142857142857,0.5333333333333314,1,1,1,1,1
706,0.5384615384615384,0.0714285714285714,1.0,1,0,1,0,2
707,0.5692307692307693,0.0714285714285714,1.0,1,0,1,0,0
708,0.0,0.1071428571428571,1.0,1,1,1,1,1
709,0.5538461538461538,0.1607142857142857,0.6666666666666679,1,0,1,1,0
710,0.8615384615384615,0.375,1.0,0,1,1,1,1
711,0.5846153846153846,0.1964285714285714,1.0,0,0,0,1,2
712,0.5846153846153846,0.1964285714285714,1.0,0,1,1,1,0
713,0.5384615384615384,0.0714285714285714,1.0,1,0,0,0,2
714,0.5538461538461538,0.0714285714285714,1.0,1,0,1,0,0
715,0.0,0.1071428571428571,1.0,1,1,1,1,1
716,0.923076923076923,0.1607142857142857,0.6666666666666679,1,0,1,1,1
717,0.5846153846153846,0.1071428571428571,0.33333333333333215,1,0,1,0,2
718,0.5538461538461538,0.1964285714285714,0.6666666666666679,0,0,0,1,2
719,0.5384615384615384,0.0357142857142857,1.0,0,0,1,0,2
720,0.5846153846153846,0.1964285714285714,1.0,0,1,1,1,0
721,0.5384615384615384,0.0714285714285714,1.0,1,0,0,0,2
722,0.2615384615384616,0.0714285714285714,1.0,1,0,1,0,1
723,0.0,0.1071428571428571,1.0,1,1,1,1,1
724,0.923076923076923,0.1607142857142857,0.6666666666666679,1,0,1,1,1
725,0.5846153846153846,0.1071428571428571,0.33333333333333215,1,0,1,0,2
726,0.5538461538461538,0.1964285714285714,0.6666666666666679,0,1,1,1,0
727,0.5384615384615384,0.0357142857142857,1.0,0,0,1,0,2
728,0.23076923076923073,0.0714285714285714,1.0,0,1,1,1,1
729,0.5846153846153846,0.1964285714285714,0.33333333333333215,1,1,1,1,0
730,0.3846153846153847,0.1964285714285714,0.6666666666666679,1,0,1,1,1
731,0.23076923076923073,0.4642857142857143,0.6666666666666679,0,1,1,1,1
732,0.7846153846153846,0.5714285714285715,1.0,1,0,1,1,1
733,0.5692307692307693,0.1964285714285714,0.466666666666665,1,1,0,0,2
734,0.5692307692307693,0.1964285714285714,0.33333333333333215,1,1,1,0,2
735,0.4,0.2857142857142857,1.0,0,1,1,1,1
736,0.5538461538461538,0.017857142857142905,1.0,0,1,1,1,0
737,0.6769230769230771,0.9999999999999999,1.0,1,0,1,1,1
738,0.5846153846153846,0.2857142857142857,1.0,0,0,1,0,1
739,0.5384615384615384,0.0714285714285714,1.0,1,0,1,0,2
740,0.5692307692307693,0.125,0.466666666666665,1,0,0,0,2
741,0.5692307692307693,0.2857142857142857,0.33333333333333215,1,1,1,0,1
742,0.5846153846153846,0.1964285714285714,1.0,0,1,1,1,0
743,0.8615384615384615,0.375,1.0,0,1,0,0,1
744,0.6769230769230771,0.5535714285714285,1.0,0,0,0,0,1
745,0.5846153846153846,0.125,1.0,0,0,0,0,2
746,0.5384615384615384,0.0714285714285714,1.0,1,1,1,1,0
747,0.5846153846153846,0.0714285714285714,1.0,0,0,0,0,2
748,0.0,0.1071428571428571,1.0,1,0,0,0,1
749,0.923076923076923,0.1607142857142857,0.5333333333333314,1,1,1,1,1
750,0.5846153846153846,0.1071428571428571,1.0,1,1,1,1,0
751,0.5538461538461538,0.1964285714285714,0.6666666666666679,0,0,0,1,2
752,0.5384615384615384,0.0357142857142857,0.466666666666665,0,0,0,0,2
753,0.5538461538461538,0.0714285714285714,1.0,0,0,0,0,2
754,0.5846153846153846,0.1964285714285714,0.33333333333333215,1,1,1,0,0
755,1.0,0.0,1.0,1,1,0,1,1
756,0.5384615384615384,0.0535714285714286,1.0,0,0,0,0,2
757,0.5538461538461538,0.0535714285714286,1.0,1,1,1,1,0
758,0.3846153846153847,0.1964285714285714,0.6666666666666679,1,0,1,1,1
759,0.23076923076923073,0.4642857142857143,0.6666666666666679,0,1,1,1,1
760,0.7846153846153846,0.5714285714285715,1.0,1,0,1,1,1
761,0.5692307692307693,0.1964285714285714,0.466666666666665,1,1,0,0,2
762,0.5692307692307693,0.1964285714285714,0.33333333333333215,1,1,1,0,2
763,0.4,0.2857142857142857,1.0,0,1,1,1,1
764,0.8615384615384615,0.375,1.0,0,1,1,1,1
765,0.6769230769230771,0.9999999999999999,1.0,1,0,1,1,1
766,0.5846153846153846,0.1964285714285714,1.0,0,0,1,0,2
767,0.5384615384615384,0.0714285714285714,1.0,1,0,1,0,2
768,0.5692307692307693,0.0714285714285714,1.0,1,0,1,0,0
769,0.0,0.1071428571428571,1.0,1,1,1,1,1
770,0.923076923076923,0.1607142857142857,0.6666666666666679,1,0,1,1,1
771,0.8615384615384615,0.375,1.0,0,1,1,1,1
772,0.5846153846153846,0.1964285714285714,1.0,0,0,0,1,2
773,0.5846153846153846,0.1964285714285714,1.0,0,1,1,1,0
774,0.5384615384615384,0.0714285714285714,1.0,1,0,0,0,2
775,0.2615384615384616,0.0714285714285714,1.0,1,0,1,0,1
776,0.0,0.1071428571428571,1.0,1,1,1,1,1
777,0.923076923076923,0.1607142857142857,0.6666666666666679,1,0,1,1,1
778,0.5846153846153846,0.1071428571428571,0.33333333333333215,1,0,1,0,2
779,0.5384615384615384,0.0535714285714286,1.0,0,0,0,0,2
780,0.5538461538461538,0.0535714285714286,1.0,1,1,1,1,0
781,0.3846153846153847,0.1964285714285714,0.6666666666666679,1,0,1,1,1
782,0.23076923076923073,0.4642857142857143,0.6666666666666679,0,1,1,1,1
783,0.7846153846153846,0.5714285714285715,1.0,1,0,1,1,1
784,0.5692307692307693,0.1964285714285714,0.466666666666665,1,1,0,0,2
785,0.5692307692307693,0.1964285714285714,0.33333333333333215,1,1,1,0,2
786,0.4,0.2857142857142857,1.0,0,1,1,1,1
787,0.8615384615384615,0.375,1.0,0,1,1,1,1
788,0.6769230769230771,0.9999999999999999,1.0,1,0,1,1,1
789,0.5846153846153846,0.1964285714285714,1.0,0,0,1,0,2
790,0.5384615384615384,0.0714285714285714,1.0,1,0,1,0,2
791,0.5692307692307693,0.0714285714285714,1.0,1,0,1,0,0
792,0.0,0.1071428571428571,1.0,1,1,1,1,1
793,0.923076923076923,0.1607142857142857,0.6666666666666679,1,0,1,1,1
794,0.8615384615384615,0.375,1.0,0,1,1,1,1
795,0.5846153846153846,0.1964285714285714,1.0,0,0,0,1,2
796,0.5846153846153846,0.1964285714285714,1.0,0,1,1,1,0
797,0.5384615384615384,0.0714285714285714,1.0,1,0,0,0,2
798,0.2615384615384616,0.0714285714285714,1.0,1,0,1,0,1
799,0.0,0.1071428571428571,1.0,1,1,1,1,1
800,0.923076923076923,0.1607142857142857,0.6666666666666679,1,0,1,1,1
801,0.5846153846153846,0.1071428571428571,0.33333333333333215,1,0,1,0,2
802,0.5538461538461538,0.1964285714285714,0.6666666666666679,0,1,1,1,0
803,0.5384615384615384,0.0357142857142857,1.0,0,0,1,0,2
804,0.23076923076923073,0.0714285714285714,1.0,0,1,1,1,1
805,0.5846153846153846,0.1964285714285714,0.33333333333333215,1,1,1,1,0
806,0.5384615384615384,0.017857142857142905,0.3999999999999986,1,0,1,0,2
807,0.5846153846153846,0.0357142857142857,0.8666666666666671,0,1,1,0,0
808,0.8461538461538461,0.6428571428571429,0.3999999999999986,0,0,0,0,1
809,0.5846153846153846,0.0,0.0,0,0,0,1,2
810,0.5384615384615384,0.0535714285714286,0.33333333333333215,0,0,0,0,2
811,0.5538461538461538,0.0535714285714286,1.0,1,0,1,0,0
812,0.5846153846153846,0.1964285714285714,0.0,0,1,0,0,2
813,0.6769230769230771,0.5535714285714285,1.0,0,0,0,0,1
814,0.5846153846153846,0.125,1.0,0,0,1,0,2
815,0.5384615384615384,0.0714285714285714,1.0,1,1,1,1,0
816,0.5538461538461538,0.0714285714285714,1.0,0,0,0,0,2
817,0.0,0.1071428571428571,1.0,1,0,0,0,1
818,0.923076923076923,0.1607142857142857,0.5333333333333314,1,1,1,1,1
819,0.5384615384615384,0.0714285714285714,1.0,1,0,1,0,2
820,0.5692307692307693,0.0714285714285714,1.0,1,0,1,0,0
821,0.5538461538461538,0.1071428571428571,1.0,0,0,0,0,2
822,0.5538461538461538,0.1607142857142857,0.6666666666666679,1,0,1,1,0
823,0.8615384615384615,0.375,1.0,0,1,1,1,1
824,0.5846153846153846,0.1964285714285714,1.0,0,0,0,1,2
825,0.5846153846153846,0.1964285714285714,1.0,0,1,1,1,0
826,0.5384615384615384,0.0714285714285714,1.0,1,0,0,0,2
827,0.5538461538461538,0.0714285714285714,1.0,1,0,1,0,0
828,0.0,0.1071428571428571,1.0,1,1,1,1,1
829,0.923076923076923,0.1607142857142857,0.6666666666666679,1,0,1,1,1
830,0.5846153846153846,0.1071428571428571,0.33333333333333215,1,0,1,0,2
831,0.5538461538461538,0.1964285714285714,0.6666666666666679,0,1,1,1,0
832,0.5384615384615384,0.0357142857142857,1.0,0,0,1,0,2
833,0.5846153846153846,0.1964285714285714,1.0,0,1,1,1,0
834,0.5384615384615384,0.0714285714285714,1.0,1,0,0,0,2
835,0.2615384615384616,0.0714285714285714,1.0,1,0,1,0,1
836,0.0,0.1071428571428571,1.0,1,1,1,1,1
837,0.923076923076923,0.1607142857142857,0.6666666666666679,1,0,1,1,1
838,0.5846153846153846,0.1071428571428571,0.33333333333333215,1,0,1,0,2
839,0.5538461538461538,0.1964285714285714,0.6666666666666679,0,1,1,1,0
840,0.5384615384615384,0.0357142857142857,1.0,0,0,1,0,2
841,0.23076923076923073,0.0714285714285714,1.0,0,1,1,1,1
842,0.5846153846153846,0.1964285714285714,0.33333333333333215,1,1,1,1,0
843,0.5384615384615384,0.017857142857142905,0.3999999999999986,1,0,1,0,2
844,0.5846153846153846,0.0357142857142857,0.8666666666666671,0,1,1,0,0
845,0.8461538461538461,0.6428571428571429,0.3999999999999986,0,0,0,0,1
846,0.5846153846153846,0.0,0.0,0,0,0,1,2
847,0.5384615384615384,0.0535714285714286,0.33333333333333215,0,1,1,1,1
848,0.5538461538461538,0.0535714285714286,1.0,1,0,1,0,0
849,0.5846153846153846,0.1964285714285714,0.0,0,1,0,0,2
850,0.6769230769230771,0.5535714285714285,1.0,0,0,0,0,1
851,0.5846153846153846,0.125,1.0,0,0,1,0,2
852,0.5384615384615384,0.0714285714285714,1.0,1,1,1,1,0
853,0.5538461538461538,0.0714285714285714,1.0,0,0,0,0,2
854,0.0,0.1071428571428571,1.0,1,0,0,0,1
855,0.923076923076923,0.1607142857142857,0.5333333333333314,1,1,1,1,1
856,0.5846153846153846,0.1071428571428571,1.0,1,1,1,1,0
857,0.5538461538461538,0.2857142857142857,0.6666666666666679,0,0,0,1,1
858,0.5384615384615384,0.0357142857142857,0.466666666666665,0,0,0,0,2
859,0.5538461538461538,0.2857142857142857,1.0,0,0,0,0,1
860,0.5846153846153846,0.1964285714285714,0.33333333333333215,1,1,1,0,0
861,0.5538461538461538,0.1071428571428571,1.0,1,0,0,0,2
862,0.923076923076923,0.1607142857142857,0.5333333333333314,1,1,1,1,1
863,0.5846153846153846,0.1071428571428571,1.0,1,1,1,1,0
864,0.5538461538461538,0.2857142857142857,0.6666666666666679,0,0,0,1,1
865,0.5384615384615384,0.0357142857142857,0.466666666666665,0,0,0,0,2
866,0.5538461538461538,0.0714285714285714,1.0,0,0,0,0,2
867,0.5846153846153846,0.1964285714285714,0.33333333333333215,1,1,1,0,0
868,1.0,0.0,1.0,1,1,0,1,1
869,0.5384615384615384,0.0535714285714286,1.0,0,0,0,0,2
870,0.5538461538461538,0.0535714285714286,1.0,1,1,1,1,0
871,0.3846153846153847,0.1964285714285714,0.6666666666666679,1,0,1,1,1
872,0.5384615384615384,0.1071428571428571,0.6666666666666679,1,0,0,0,2
873,0.7846153846153846,0.5714285714285715,1.0,1,0,1,1,1
874,0.5692307692307693,0.1964285714285714,0.466666666666665,1,1,0,0,2
875,0.5692307692307693,0.0714285714285714,1.0,1,0,1,0,0
876,0.0,0.1071428571428571,1.0,1,1,1,1,1
877,0.5846153846153846,0.1607142857142857,0.6666666666666679,1,0,1,0,0
878,0.8615384615384615,0.375,1.0,0,1,1,1,1
879,0.5846153846153846,0.375,1.0,0,0,0,1,1
880,0.5846153846153846,0.1964285714285714,1.0,0,1,1,1,0
881,0.5384615384615384,0.0714285714285714,1.0,1,0,0,0,2
882,0.2615384615384616,0.0714285714285714,1.0,1,0,1,0,1
883,0.5538461538461538,0.1071428571428571,1.0,1,1,1,1,0
884,0.923076923076923,0.1607142857142857,0.6666666666666679,1,0,1,1,1
885,0.5846153846153846,0.1071428571428571,0.33333333333333215,1,0,1,0,2
886,0.5538461538461538,0.1964285714285714,0.6666666666666679,0,1,1,1,0
887,0.5384615384615384,0.0357142857142857,1.0,0,0,1,0,2
888,0.23076923076923073,0.0714285714285714,1.0,0,1,1,1,1
889,0.5846153846153846,0.1964285714285714,0.33333333333333215,1,1,1,1,0
890,0.5384615384615384,0.2857142857142857,0.3999999999999986,1,0,1,0,1
891,0.5538461538461538,0.0535714285714286,1.0,1,0,1,0,0
892,0.5846153846153846,0.1964285714285714,0.0,0,1,0,0,2
893,0.6769230769230771,0.5535714285714285,1.0,0,0,0,0,1
894,0.5846153846153846,0.125,1.0,0,0,1,0,2
895,0.5384615384615384,0.0714285714285714,1.0,1,1,1,1,0
896,0.5538461538461538,0.0714285714285714,1.0,0,0,0,0,2
897,0.5692307692307693,0.0714285714285714,1.0,1,0,1,0,0
898,0.0,0.1071428571428571,1.0,1,1,1,1,1
899,0.5538461538461538,0.1607142857142857,0.6666666666666679,0,0,1,0,2
900,0.8615384615384615,0.375,1.0,0,1,1,1,1
901,0.5846153846153846,0.1964285714285714,1.0,0,0,0,1,2
902,0.5846153846153846,0.1964285714285714,1.0,0,1,1,1,0
903,0.5384615384615384,0.0714285714285714,1.0,1,0,0,0,2
904,0.2615384615384616,0.0714285714285714,1.0,1,0,1,0,1
905,0.0,0.1071428571428571,1.0,1,1,1,1,1
906,0.923076923076923,0.1607142857142857,0.6666666666666679,1,0,1,1,1
907,0.5846153846153846,0.1071428571428571,0.33333333333333215,1,0,1,0,2
908,0.5384615384615384,0.0535714285714286,1.0,0,0,0,0,2
909,0.5538461538461538,0.0535714285714286,1.0,1,1,1,1,0
910,0.3846153846153847,0.1964285714285714,0.6666666666666679,1,0,1,1,1
911,0.5384615384615384,0.1071428571428571,0.6666666666666679,0,0,1,0,2
912,0.7846153846153846,0.5714285714285715,1.0,1,0,1,1,1
913,0.5692307692307693,0.1964285714285714,0.466666666666665,1,1,0,0,2
914,0.5692307692307693,0.1964285714285714,0.33333333333333215,1,1,1,0,2
915,0.4,0.2857142857142857,1.0,0,1,1,1,1
916,0.8615384615384615,0.375,1.0,0,1,1,1,1
917,0.5692307692307693,0.125,0.466666666666665,1,0,0,0,2
918,0.5692307692307693,0.2857142857142857,0.33333333333333215,1,1,1,0,1
919,0.5846153846153846,0.1964285714285714,1.0,0,1,1,1,0
920,0.8615384615384615,0.375,1.0,0,1,0,0,1
921,0.6769230769230771,0.5535714285714285,1.0,0,0,0,0,1
922,0.5846153846153846,0.125,1.0,0,0,0,0,2
923,0.5384615384615384,0.0714285714285714,1.0,1,1,1,1,0
924,0.5846153846153846,0.0714285714285714,1.0,0,0,0,0,2
925,0.0,0.1071428571428571,1.0,1,0,0,0,1
926,0.923076923076923,0.1607142857142857,0.5333333333333314,1,1,1,1,1
927,0.5846153846153846,0.1071428571428571,1.0,1,1,1,1,0
928,0.5538461538461538,0.1964285714285714,0.6666666666666679,0,0,0,1,2
929,0.5384615384615384,0.0357142857142857,0.466666666666665,0,0,0,0,2
930,0.5538461538461538,0.0714285714285714,1.0,0,1,1,1,0
931,0.5846153846153846,0.1964285714285714,0.33333333333333215,1,1,1,0,0
932,1.0,0.0,1.0,1,1,0,1,1
933,0.5384615384615384,0.0535714285714286,1.0,0,0,0,0,2
934,0.5538461538461538,0.0535714285714286,1.0,1,1,1,1,0
935,0.3846153846153847,0.1964285714285714,0.6666666666666679,1,0,1,1,1
936,0.23076923076923073,0.4642857142857143,0.6666666666666679,0,1,1,1,1
937,0.7846153846153846,0.5714285714285715,1.0,1,0,1,1,1
938,0.5692307692307693,0.1964285714285714,0.466666666666665,1,1,0,0,2
939,0.5692307692307693,0.1964285714285714,0.33333333333333215,1,1,1,0,2
940,0.4,0.2857142857142857,1.0,0,1,1,1,1
941,0.8615384615384615,0.375,1.0,0,1,1,1,1
942,0.5538461538461538,0.1964285714285714,1.0,1,0,0,1,2
943,0.923076923076923,0.1607142857142857,0.6666666666666679,1,0,1,1,1
944,0.5846153846153846,0.1071428571428571,0.33333333333333215,1,0,1,0,2
945,0.5538461538461538,0.1964285714285714,0.6666666666666679,0,1,1,1,0
946,0.5384615384615384,0.0357142857142857,1.0,0,0,1,0,2
947,0.23076923076923073,0.0714285714285714,1.0,0,1,1,1,1
948,0.5846153846153846,0.1964285714285714,0.33333333333333215,1,1,1,1,0
949,0.5384615384615384,0.017857142857142905,0.3999999999999986,1,0,1,0,2
950,0.5846153846153846,0.0357142857142857,0.8666666666666671,0,1,1,0,0
951,0.8461538461538461,0.6428571428571429,0.3999999999999986,0,0,0,0,1
952,0.5846153846153846,0.0,0.0,0,0,0,1,2
953,0.5384615384615384,0.0535714285714286,0.33333333333333215,0,0,0,0,2
954,0.5538461538461538,0.0535714285714286,1.0,1,0,1,0,0
955,0.5846153846153846,0.1964285714285714,0.0,0,1,0,0,2
956,0.6769230769230771,0.5535714285714285,1.0,0,0,0,0,1
957,0.5846153846153846,0.125,1.0,1,1,1,0,0
958,0.5384615384615384,0.0714285714285714,1.0,1,1,1,1,0
959,0.5538461538461538,0.0714285714285714,1.0,0,0,0,0,2
960,0.0,0.1071428571428571,1.0,1,0,0,0,1
961,0.923076923076923,0.1607142857142857,0.5333333333333314,1,1,1,1,1
962,0.5384615384615384,0.0714285714285714,1.0,1,0,1,0,2
963,0.5692307692307693,0.0714285714285714,1.0,1,0,1,0,0
964,0.0,0.1071428571428571,1.0,1,1,1,1,1
965,0.5538461538461538,0.1607142857142857,0.6666666666666679,1,0,1,1,0
966,0.8615384615384615,0.375,1.0,0,1,1,1,1
967,0.5384615384615384,0.1071428571428571,0.6666666666666679,1,0,0,0,2
968,0.7846153846153846,0.5714285714285715,1.0,1,0,1,1,1
969,0.5692307692307693,0.1964285714285714,0.466666666666665,1,1,0,0,2
970,0.5692307692307693,0.0714285714285714,1.0,1,0,1,0,0
971,0.0,0.1071428571428571,1.0,1,1,1,1,1
972,0.5846153846153846,0.1607142857142857,0.6666666666666679,1,0,1,0,0
973,0.8615384615384615,0.375,1.0,0,1,1,1,1
974,0.5846153846153846,0.375,1.0,0,0,0,1,1
975,0.5846153846153846,0.1964285714285714,1.0,0,1,1,1,0
976,0.5384615384615384,0.0714285714285714,1.0,1,0,0,0,2
977,0.2615384615384616,0.0714285714285714,1.0,1,0,1,0,1
978,0.0,0.1071428571428571,1.0,1,1,1,1,1
979,0.923076923076923,0.1607142857142857,0.6666666666666679,1,0,1,1,1
980,0.5846153846153846,0.1071428571428571,0.33333333333333215,1,0,1,0,2
981,0.5538461538461538,0.1964285714285714,0.6666666666666679,0,1,1,1,0
982,0.5384615384615384,0.0357142857142857,1.0,0,0,1,0,2
983,0.23076923076923073,0.0714285714285714,1.0,0,1,1,1,1
984,0.5846153846153846,0.1964285714285714,0.33333333333333215,1,1,1,1,0
985,0.5384615384615384,0.1964285714285714,0.3999999999999986,1,0,0,0,2
986,0.5846153846153846,0.0357142857142857,0.8666666666666671,0,1,1,0,0
987,0.8461538461538461,0.6428571428571429,0.3999999999999986,0,0,0,0,1
988,0.5846153846153846,0.0,0.0,0,0,0,1,2
989,0.5384615384615384,0.0535714285714286,0.33333333333333215,0,0,0,0,2
990,0.5538461538461538,0.0535714285714286,1.0,1,0,1,0,0
991,0.5846153846153846,0.1964285714285714,0.0,0,1,0,0,2
992,0.6769230769230771,0.5535714285714285,1.0,0,0,0,0,1
993,0.5846153846153846,0.125,1.0,0,0,1,0,2
994,0.5384615384615384,0.0714285714285714,1.0,1,1,1,1,0
995,0.5538461538461538,0.0714285714285714,1.0,0,0,0,0,2
996,0.5692307692307693,0.0714285714285714,1.0,1,0,1,0,0
997,0.0,0.1071428571428571,1.0,1,1,1,1,1
998,0.5538461538461538,0.1607142857142857,0.6666666666666679,0,0,0,1,2
999,0.8615384615384615,0.375,1.0,0,1,1,1,1
1000,0.5846153846153846,0.1964285714285714,1.0,0,0,0,1,2
1001,0.5846153846153846,0.1964285714285714,1.0,0,1,1,1,0
1002,0.5384615384615384,0.0714285714285714,1.0,1,0,0,0,2
1003,0.2615384615384616,0.0714285714285714,1.0,1,0,1,0,1
1004,0.0,0.1071428571428571,1.0,1,1,1,1,1
1005,0.923076923076923,0.1607142857142857,0.6666666666666679,1,0,1,1,1
1006,0.5846153846153846,0.1071428571428571,0.33333333333333215,1,0,1,0,2
1007,0.5384615384615384,0.0535714285714286,1.0,0,0,0,0,2
1008,0.0,0.1071428571428571,1.0,1,1,1,1,1
1009,0.923076923076923,0.1607142857142857,0.6666666666666679,1,0,1,1,1
1010,0.5846153846153846,0.1071428571428571,0.33333333333333215,1,0,1,0,2
1011,0.5538461538461538,0.1964285714285714,0.6666666666666679,0,1,1,1,0
1012,0.5384615384615384,0.0357142857142857,1.0,0,0,1,0,2
1013,0.5846153846153846,0.1964285714285714,1.0,0,1,1,1,0
1014,0.5384615384615384,0.0714285714285714,1.0,1,0,0,0,2
1015,0.2615384615384616,0.0714285714285714,1.0,1,0,1,0,1
1016,0.0,0.1071428571428571,1.0,1,1,1,1,1
1017,0.923076923076923,0.1607142857142857,0.6666666666666679,1,0,1,1,1
1018,0.5846153846153846,0.1071428571428571,0.33333333333333215,1,0,1,0,2
1019,0.5538461538461538,0.1964285714285714,0.6666666666666679,0,1,1,1,0
1020,0.5384615384615384,0.0357142857142857,1.0,0,0,1,0,2
1021,0.23076923076923073,0.0714285714285714,1.0,0,1,1,1,1
1022,0.5846153846153846,0.1964285714285714,0.33333333333333215,1,1,1,1,0
1023,0.5384615384615384,0.017857142857142905,0.3999999999999986,1,0,1,0,2
1024,0.5846153846153846,0.0357142857142857,0.8666666666666671,0,1,1,0,0
1025,0.8461538461538461,0.6428571428571429,0.3999999999999986,0,0,0,0,1
1026,0.5846153846153846,0.0,0.0,0,0,0,1,2
1027,0.5384615384615384,0.0535714285714286,0.33333333333333215,0,1,1,1,1
1028,0.5538461538461538,0.0535714285714286,1.0,1,0,1,0,0
1029,0.5846153846153846,0.1964285714285714,0.0,0,1,0,0,2
1030,0.6769230769230771,0.5535714285714285,1.0,0,0,0,0,1
1031,0.5846153846153846,0.125,1.0,0,0,1,0,2
1032,0.5384615384615384,0.0714285714285714,1.0,1,1,1,1,0
1033,0.5538461538461538,0.0714285714285714,1.0,0,0,0,0,2
1034,0.0,0.1071428571428571,1.0,1,0,0,0,1
1035,0.923076923076923,0.1607142857142857,0.5333333333333314,1,1,1,1,1
1036,0.5846153846153846,0.1071428571428571,1.0,1,1,1,1,0
1037,0.5538461538461538,0.2857142857142857,0.6666666666666679,0,0,0,1,1
1038,0.5384615384615384,0.0357142857142857,0.466666666666665,0,0,0,0,2
1039,0.5538461538461538,0.2857142857142857,1.0,0,0,0,0,1
1040,0.5846153846153846,0.1964285714285714,0.33333333333333215,1,1,1,0,0
1041,0.5538461538461538,0.1071428571428571,1.0,1,0,0,0,2
1042,0.923076923076923,0.1607142857142857,0.5333333333333314,1,1,1,1,1
1043,0.5846153846153846,0.1071428571428571,1.0,1,1,1,1,0
1044,0.5538461538461538,0.2857142857142857,0.6666666666666679,0,0,0,1,1
1045,0.5384615384615384,0.0357142857142857,0.466666666666665,0,0,0,0,2
1046,0.5538461538461538,0.0714285714285714,1.0,0,0,0,0,2
1047,0.5846153846153846,0.1964285714285714,0.33333333333333215,1,1,1,0,0
1048,1.0,0.0,1.0,1,1,0,1,1
1049,0.5384615384615384,0.0535714285714286,1.0,0,0,0,0,2
1050,0.5538461538461538,0.0535714285714286,1.0,1,1,1,1,0
1051,0.3846153846153847,0.1964285714285714,0.6666666666666679,1,0,1,1,1
1052,0.5384615384615384,0.1071428571428571,0.6666666666666679,1,0,0,0,2
1053,0.7846153846153846,0.5714285714285715,1.0,1,0,1,1,1
1054,0.5692307692307693,0.1964285714285714,0.466666666666665,1,1,0,0,2
1055,0.5692307692307693,0.0714285714285714,1.0,1,0,1,0,0
1056,0.0,0.1071428571428571,1.0,1,1,1,1,1
1057,0.5846153846153846,0.1607142857142857,0.6666666666666679,1,0,1,0,0
1058,0.8615384615384615,0.375,1.0,0,1,1,1,1
